{
  "timestamp": "2025-07-03T23:58:03.207452",
  "dataset_info": {
    "shape": [
      11990,
      3346
    ],
    "n_batches": 2,
    "cell_types": 9
  },
  "results": {
    "pca_baseline": {
      "model": "PCA_Baseline",
      "accuracy": 0.9678899082568807,
      "nmi": 0.7700075278888499,
      "ari": 0.6951412971953025,
      "batch_nmi": 4.0460384744470515e-07,
      "runtime_seconds": 6.6678383350372314,
      "n_cells": 11990,
      "n_clusters": 9,
      "pca_components": 50
    },
    "bioformer": {
      "model": "BioFormer",
      "accuracy": 0.5825688073394495,
      "nmi": 0.07749176426039682,
      "ari": 0.04268584473195302,
      "batch_nmi": 0.0002439406264258276,
      "runtime_seconds": 47.75197196006775,
      "n_cells": 11990,
      "embedding_dim": 256,
      "checkpoint_loaded": true,
      "n_clusters": 9
    }
  },
  "comparison": {
    "accuracy_improvement": -0.3853211009174312,
    "accuracy_winner": "PCA",
    "nmi_improvement": -0.692515763628453,
    "nmi_winner": "PCA",
    "ari_improvement": -0.6524554524633495,
    "ari_winner": "PCA",
    "batch_nmi_improvement": 0.0002435360225783829,
    "batch_nmi_winner": "PCA"
  }
}