{
  "methodology": "BioFormer Gene Embedding-based GRN Inference (Demo)",
  "parameters": {
    "vocab_size": 500,
    "d_model": 128,
    "threshold": 0.2
  },
  "embeddings_shape": [
    500,
    128
  ],
  "similarity_stats": {
    "mean": 0.00024689818383194506,
    "std": 0.08832728117704391,
    "min": -0.3599824607372284,
    "max": 0.4249216914176941
  },
  "network_properties": {
    "n_nodes": 500,
    "n_edges": 1421,
    "density": 0.011390781563126253,
    "is_connected": true,
    "n_components": 1,
    "avg_clustering": 0.0384994560994561,
    "avg_degree": 5.684,
    "degree_min": 1,
    "degree_max": 13,
    "degree_std": 2.3349826551818325
  },
  "gene_programs": {
    "program_0": {
      "genes": [
        "gene_0000",
        "gene_0006",
        "gene_0007",
        "gene_0028",
        "gene_0036",
        "gene_0042",
        "gene_0061",
        "gene_0078",
        "gene_0082",
        "gene_0086",
        "gene_0093",
        "gene_0105",
        "gene_0116",
        "gene_0138",
        "gene_0141",
        "gene_0182",
        "gene_0190",
        "gene_0216",
        "gene_0232",
        "gene_0238",
        "gene_0269",
        "gene_0271",
        "gene_0300",
        "gene_0305",
        "gene_0312",
        "gene_0346",
        "gene_0356",
        "gene_0368",
        "gene_0369",
        "gene_0374",
        "gene_0381",
        "gene_0385",
        "gene_0403",
        "gene_0418",
        "gene_0438",
        "gene_0443",
        "gene_0474",
        "gene_0480",
        "gene_0481",
        "gene_0483",
        "gene_0497",
        "gene_0499"
      ],
      "size": 42
    },
    "program_1": {
      "genes": [
        "gene_0001",
        "gene_0025",
        "gene_0029",
        "gene_0048",
        "gene_0049",
        "gene_0054",
        "gene_0055",
        "gene_0087",
        "gene_0089",
        "gene_0095",
        "gene_0109",
        "gene_0128",
        "gene_0132",
        "gene_0157",
        "gene_0158",
        "gene_0186",
        "gene_0223",
        "gene_0227",
        "gene_0229",
        "gene_0244",
        "gene_0250",
        "gene_0278",
        "gene_0287",
        "gene_0291",
        "gene_0311",
        "gene_0315",
        "gene_0332",
        "gene_0348",
        "gene_0373",
        "gene_0376",
        "gene_0380",
        "gene_0382",
        "gene_0401",
        "gene_0405",
        "gene_0421",
        "gene_0425",
        "gene_0432",
        "gene_0445",
        "gene_0450",
        "gene_0463",
        "gene_0465",
        "gene_0489"
      ],
      "size": 42
    },
    "program_12": {
      "genes": [
        "gene_0002",
        "gene_0064",
        "gene_0070",
        "gene_0136",
        "gene_0167",
        "gene_0183",
        "gene_0234",
        "gene_0272",
        "gene_0274",
        "gene_0275",
        "gene_0283",
        "gene_0316",
        "gene_0350",
        "gene_0353",
        "gene_0362",
        "gene_0404",
        "gene_0407",
        "gene_0420",
        "gene_0440",
        "gene_0447",
        "gene_0452",
        "gene_0476",
        "gene_0487",
        "gene_0491"
      ],
      "size": 24
    },
    "program_3": {
      "genes": [
        "gene_0003",
        "gene_0008",
        "gene_0032",
        "gene_0063",
        "gene_0072",
        "gene_0074",
        "gene_0106",
        "gene_0108",
        "gene_0115",
        "gene_0135",
        "gene_0161",
        "gene_0168",
        "gene_0192",
        "gene_0210",
        "gene_0211",
        "gene_0331",
        "gene_0335",
        "gene_0371",
        "gene_0389",
        "gene_0411",
        "gene_0439",
        "gene_0442",
        "gene_0457",
        "gene_0466",
        "gene_0496"
      ],
      "size": 25
    },
    "program_5": {
      "genes": [
        "gene_0004",
        "gene_0005",
        "gene_0017",
        "gene_0034",
        "gene_0046",
        "gene_0066",
        "gene_0075",
        "gene_0079",
        "gene_0090",
        "gene_0097",
        "gene_0121",
        "gene_0127",
        "gene_0133",
        "gene_0150",
        "gene_0155",
        "gene_0156",
        "gene_0159",
        "gene_0185",
        "gene_0202",
        "gene_0219",
        "gene_0225",
        "gene_0235",
        "gene_0247",
        "gene_0257",
        "gene_0279",
        "gene_0302",
        "gene_0307",
        "gene_0345",
        "gene_0358",
        "gene_0394",
        "gene_0406",
        "gene_0424",
        "gene_0427",
        "gene_0451",
        "gene_0454",
        "gene_0460",
        "gene_0472",
        "gene_0482"
      ],
      "size": 38
    },
    "program_6": {
      "genes": [
        "gene_0009",
        "gene_0010",
        "gene_0044",
        "gene_0059",
        "gene_0085",
        "gene_0113",
        "gene_0174",
        "gene_0189",
        "gene_0194",
        "gene_0207",
        "gene_0209",
        "gene_0214",
        "gene_0226",
        "gene_0242",
        "gene_0262",
        "gene_0268",
        "gene_0277",
        "gene_0281",
        "gene_0295",
        "gene_0336",
        "gene_0354",
        "gene_0361",
        "gene_0391",
        "gene_0398",
        "gene_0412",
        "gene_0429",
        "gene_0433",
        "gene_0436",
        "gene_0441",
        "gene_0444",
        "gene_0485",
        "gene_0493",
        "gene_0494",
        "gene_0498"
      ],
      "size": 34
    },
    "program_7": {
      "genes": [
        "gene_0011",
        "gene_0026",
        "gene_0041",
        "gene_0067",
        "gene_0077",
        "gene_0080",
        "gene_0081",
        "gene_0100",
        "gene_0103",
        "gene_0107",
        "gene_0119",
        "gene_0126",
        "gene_0160",
        "gene_0173",
        "gene_0191",
        "gene_0200",
        "gene_0203",
        "gene_0205",
        "gene_0212",
        "gene_0222",
        "gene_0233",
        "gene_0245",
        "gene_0252",
        "gene_0286",
        "gene_0294",
        "gene_0310",
        "gene_0323",
        "gene_0330",
        "gene_0341",
        "gene_0357",
        "gene_0446",
        "gene_0462",
        "gene_0470",
        "gene_0490",
        "gene_0495"
      ],
      "size": 35
    },
    "program_8": {
      "genes": [
        "gene_0012",
        "gene_0013",
        "gene_0021",
        "gene_0031",
        "gene_0056",
        "gene_0088",
        "gene_0166",
        "gene_0177",
        "gene_0181",
        "gene_0184",
        "gene_0187",
        "gene_0188",
        "gene_0193",
        "gene_0198",
        "gene_0199",
        "gene_0220",
        "gene_0246",
        "gene_0251",
        "gene_0263",
        "gene_0270",
        "gene_0273",
        "gene_0293",
        "gene_0296",
        "gene_0298",
        "gene_0301",
        "gene_0314",
        "gene_0326",
        "gene_0327",
        "gene_0360",
        "gene_0390",
        "gene_0395",
        "gene_0428",
        "gene_0467",
        "gene_0475",
        "gene_0492"
      ],
      "size": 35
    },
    "program_4": {
      "genes": [
        "gene_0014",
        "gene_0022",
        "gene_0023",
        "gene_0052",
        "gene_0057",
        "gene_0084",
        "gene_0091",
        "gene_0098",
        "gene_0101",
        "gene_0123",
        "gene_0129",
        "gene_0131",
        "gene_0134",
        "gene_0139",
        "gene_0140",
        "gene_0149",
        "gene_0180",
        "gene_0206",
        "gene_0237",
        "gene_0248",
        "gene_0256",
        "gene_0260",
        "gene_0264",
        "gene_0267",
        "gene_0280",
        "gene_0289",
        "gene_0306",
        "gene_0337",
        "gene_0367",
        "gene_0370",
        "gene_0372",
        "gene_0379",
        "gene_0414",
        "gene_0430",
        "gene_0435",
        "gene_0468",
        "gene_0479",
        "gene_0486"
      ],
      "size": 38
    },